44,Lewis,Hamilton,Mercedes
,16.041
77,Valtteri,Bottas,Mercedes
,17.047
33,Max,Verstappen,Red Bull
,17.902
3,Daniel,Ricciardo,Renault,19.104
31,Esteban,Ocon,Renault
,19.768
23,Alexander,Albon,Red Bull
,21.018
4,Lando,Norris,McLaren
,22.008
10,Pierre,Gasly,AlphaTauri
,22.975
18,Lance,Stroll,Racing Point
,24.118
11,Sergio,Perez,Racing Point
,24.885
26,Daniil,Kvyat,AlphaTauri
,26.033
7,Kimi,Raikkonen,Alfa Romeo
,27.123
5,Sebastian,Vettel,Ferrari
,28.117
16,Charles,Leclerc,Ferrari
,28.981
8,Romain,Grosjean,Haas
,29.931
6,Nicholas,Latifi,Williams
,31.001
20,Kevin,Magnussen,Haas
,31.970
99,Antonio,Giovinazzi,Alfa Romeo
,32.951
63,George,Russell,Williams
,33.833
55,Carlos,Sainz,McLaren,35.024
